termo_pesquisa,id,titulo,preco,link,vendedor,condicao,disponibilidade,vendidos
chromecast,MLA1437893819,Xiaomi Mi Tv Stick Full Hd 8gb Chromecast Streaming Con Control Color Negro,71999.4,https://www.mercadolibre.com.ar/xiaomi-mi-tv-stick-full-hd-8gb-chromecast-streaming-con-control-color-negro/p/MLA15984003#wid=MLA1437893819&sid=unknown,39144101,new,1,
chromecast,MLA1479223473,Chromecast Google Ga03131 Tv Hd 8gb 2gb Ram 60 Fps Wifi Bluetooth Hdmi 4ta Gen Blanco,121905.0,https://www.mercadolibre.com.ar/chromecast-google-ga03131-tv-hd-8gb-2gb-ram-60-fps-wifi-bluetooth-hdmi-4ta-gen-blanco/p/MLA21237756#wid=MLA1479223473&sid=unknown,148613909,new,1,
chromecast,MLA1476902509,Google Chromecast 4k Chromecast With Google Tv Ga01919-us De Voz 4.ª Generación 4k 8gb Sky Con 2gb De Memoria Ram,130900.0,https://www.mercadolibre.com.ar/google-chromecast-4k-chromecast-with-google-tv-ga01919-us-de-voz-4-generacion-4k-8gb-sky-con-2gb-de-memoria-ram/p/MLA16233187#wid=MLA1476902509&sid=unknown,1454215464,new,1,
chromecast,MLA1479992221,Chromecast With Google Tv De Voz 4ª Generación 4k 8gb Snow Con 2gb De Memoria Ram,117999.0,https://www.mercadolibre.com.ar/chromecast-with-google-tv-de-voz-4-generacion-4k-8gb-snow-con-2gb-de-memoria-ram/p/MLA16233185#wid=MLA1479992221&sid=unknown,579983671,new,1,
chromecast,MLA1433713863,Onn Google Tv Fhd Streaming Stick 2da Generación 8gb 1.5gb Ram Color Negro Control Remoto De Voz,64990.0,https://www.mercadolibre.com.ar/onn-google-tv-fhd-streaming-stick-2da-generacion-8gb-15gb-ram-color-negro-control-remoto-de-voz/p/MLA29268937#wid=MLA1433713863&sid=unknown,621229920,new,1,
chromecast,MLA1108749509,Chromecast Ga01919-us Google 4 Generación 4k 8gb Con 2gb De Memoria Ram,117999.0,https://www.mercadolibre.com.ar/chromecast-ga01919-us-google-4-generacion-4k-8gb-con-2gb-de-memoria-ram/p/MLA21774715#wid=MLA1108749509&sid=unknown,207527715,new,1,
chromecast,MLA1858434044,Google Chromecast 4 Generación Con Google Tv Blanco,132000.0,https://www.mercadolibre.com.ar/google-chromecast-4-generacion-con-google-tv-blanco/p/MLA24460156#wid=MLA1858434044&sid=unknown,255083266,new,1,
chromecast,MLA2021367224,Adaptador Smart Tv Box 4k Color Negro 32gb,49499.0,https://www.mercadolibre.com.ar/adaptador-smart-tv-box-4k-color-negro-32gb/p/MLA22513412#wid=MLA2021367224&sid=unknown,1526124921,new,1,
chromecast,MLA1947297766,Mi Tv Stick Xiaomi 4k Mdz-27-eu 2.ª Generación Color Negro,93050.6,https://www.mercadolibre.com.ar/mi-tv-stick-xiaomi-4k-mdz-27-eu-2-generacion-color-negro/p/MLA38431087#wid=MLA1947297766&sid=unknown,70413483,new,100,
chromecast,MLA2005616226,Google Tv Streamer 4k Netflix Hdr 2024 Androidtv Color Blanco Tipo De Control Remoto De Voz,225741.0,https://www.mercadolibre.com.ar/google-tv-streamer-4k-netflix-hdr-2024-androidtv-color-blanco-tipo-de-control-remoto-de-voz/p/MLA41947159#wid=MLA2005616226&sid=unknown,821536236,new,1,
chromecast,MLA1474341635,Control De Voz Xiaomi Mi Tv Stick Full Hd De 8 Gb Y 1 Gb De Ram,75138.0,https://www.mercadolibre.com.ar/control-de-voz-xiaomi-mi-tv-stick-full-hd-de-8-gb-y-1-gb-de-ram/p/MLA37678995#wid=MLA1474341635&sid=unknown,33317938,new,1,
chromecast,MLA2004123498,Mirascreen Anycast Wireless Dongle Tipo Chromecast /e Color Negro,27599.08,https://www.mercadolibre.com.ar/mirascreen-anycast-wireless-dongle-tipo-chromecast-e-color-negro/p/MLA19809983#wid=MLA2004123498&sid=unknown,215572712,new,150,
chromecast,MLA2006690998,Tv Box 4k Hdmi Android  --el Más Rápido--,49000.0,https://articulo.mercadolibre.com.ar/MLA-2006690998-tv-box-4k-hdmi-android-el-mas-rapido--_JM,2235368076,new,200,
chromecast,MLA1949495790,Tv Box Smart Z8pro 32gb El Mas Rapido Full Apps!!,85490.5,https://articulo.mercadolibre.com.ar/MLA-1949495790-tv-box-smart-z8pro-32gb-el-mas-rapido-full-apps-_JM,98229044,new,50,
chromecast,MLA1472911965,Tv Stick Wi-fi Smart Tv Android Hdmi Tv Box Fire,59990.0,https://www.mercadolibre.com.ar/tv-stick-wi-fi-smart-tv-android-hdmi-tv-box-fire/p/MLA41918674#wid=MLA1472911965&sid=unknown,2145784420,new,1,
chromecast,MLA1791698772,"Google Chromecast Con Google Tv (4k) - Disfruta De Películas, Programas En Vivo En 4k Hdr - Color Nieve",117000.0,https://www.mercadolibre.com.ar/google-chromecast-con-google-tv-4k-disfruta-de-peliculas-programas-en-vivo-en-4k-hdr-color-nieve/p/MLA34921279#wid=MLA1791698772&sid=unknown,31831419,new,1,
chromecast,MLA1946970286,Tv Box Gadnic Android 10.0 Hdmi 4k Chromecast Full Hd Color Negro Tipo De Control Remoto Estándar,47999.0,https://www.mercadolibre.com.ar/tv-box-gadnic-android-100-hdmi-4k-chromecast-full-hd-color-negro-tipo-de-control-remoto-estandar/p/MLA40682584#wid=MLA1946970286&sid=unknown,39144101,new,250,
chromecast,MLA1452960541,Xiaomi Mi Tv Stick Full Hd 8gb Con Control Color Negro,79499.0,https://articulo.mercadolibre.com.ar/MLA-1452960541-xiaomi-mi-tv-stick-full-hd-8gb-con-control-color-negro-_JM,148613909,new,1,
chromecast,MLA1912327352,Onn 4k 2gen Google Tv 2023 8gb + 2 Gb Ram + Fuente + Remoto,74999.0,https://articulo.mercadolibre.com.ar/MLA-1912327352-onn-4k-2gen-google-tv-2023-8gb-2-gb-ram-fuente-remoto-_JM,1848533798,new,1,
chromecast,MLA2001349684,Chromecast tv Gen 4 - 4k Hdr. Wifi+bth+c. Remoto,154817.96,https://www.mercadolibre.com.ar/chromecasttv-gen-4-4k-hdr-wifibthc-remoto/p/MLA22031298#wid=MLA2001349684&sid=unknown,531947872,new,1,
chromecast,MLA1438193127,Xiaomi Mi Tv Stick 4k Android Google Tv Color Negro Tipo De Control Remoto De Voz,97846.0,https://www.mercadolibre.com.ar/xiaomi-mi-tv-stick-4k-android-google-tv-color-negro-tipo-de-control-remoto-de-voz/p/MLA22726626#wid=MLA1438193127&sid=unknown,1516979806,new,1,
chromecast,MLA1445281453,Chromecast Google Tv Hd 8gb 2gb Ram 60 Fps Wifi,119999.0,https://articulo.mercadolibre.com.ar/MLA-1445281453-chromecast-google-tv-hd-8gb-2gb-ram-60-fps-wifi-_JM,1848533798,new,1,
chromecast,MLA1391312469,Xiaomi Mi Tv Stick 4k 8gb Ram 2gb Chromecast Amazon Netflix ,93749.25,https://articulo.mercadolibre.com.ar/MLA-1391312469-xiaomi-mi-tv-stick-4k-8gb-ram-2gb-chromecast-amazon-netflix-_JM,268317904,new,1,
chromecast,MLA1442224189,Chromecast  Google Tv 4 Generación 4k 8gb Con Cargador,130000.0,https://articulo.mercadolibre.com.ar/MLA-1442224189-chromecast-google-tv-4-generacion-4k-8gb-con-cargador-_JM,255083266,new,1,
chromecast,MLA1472409655,Google Chromecast 4k Color Sky 4ta Generación,113999.0,https://articulo.mercadolibre.com.ar/MLA-1472409655-google-chromecast-4k-color-sky-4ta-generacion-_JM,1946156367,new,1,
chromecast,MLA1462796143,Tivo Ipa1104hdw-01 Stream 4k Original Con Google Oficial Certificado 8gb De Almacenamiento 2gb De Ram,82839.0,https://www.mercadolibre.com.ar/tivo-ipa1104hdw-01-stream-4k-original-con-google-oficial-certificado-8gb-de-almacenamiento-2gb-de-ram/p/MLA22257159#wid=MLA1462796143&sid=unknown,330416373,new,1,
chromecast,MLA2012293122,Conversor Smart Tv Box Full Hd Android 11 2gb + 16gb Rom,67999.0,https://www.mercadolibre.com.ar/conversor-smart-tv-box-full-hd-android-11-2gb-16gb-rom/p/MLA22209485#wid=MLA2012293122&sid=unknown,1818639270,new,1,
chromecast,MLA1472592261,Convertidor Smart Tv Box De 8 Gb A Ram 128 Gb Pro 4k - Andro,67999.0,https://articulo.mercadolibre.com.ar/MLA-1472592261-convertidor-smart-tv-box-de-8-gb-a-ram-128-gb-pro-4k-andro-_JM,1818639270,new,1,
chromecast,MLA885133507,Chromecast Smart Tv Netflix Google Tv 4k Hdr Control Remoto,227999.24,https://articulo.mercadolibre.com.ar/MLA-885133507-chromecast-smart-tv-netflix-google-tv-4k-hdr-control-remoto-_JM,9198894,new,100,
chromecast,MLA1382798627,Google Chromecast Ultra 4k Negro,80299.0,https://articulo.mercadolibre.com.ar/MLA-1382798627-google-chromecast-ultra-4k-negro-_JM,287054359,new,1,
chromecast,MLA1455433017,Xiaomi Mi Tv Stick Full Hd 8gb Con Control Color Negro,80319.0,https://articulo.mercadolibre.com.ar/MLA-1455433017-xiaomi-mi-tv-stick-full-hd-8gb-con-control-color-negro-_JM,451257294,new,1,
chromecast,MLA1962297998,Smart Tv Onn 4k Uhd Streaming Device 2° Gen - Desbloqueado,75000.0,https://articulo.mercadolibre.com.ar/MLA-1962297998-smart-tv-onn-4k-uhd-streaming-device-2-gen-desbloqueado-_JM,679926440,new,1,
chromecast,MLA1465095701,Chromecast With Google Tv De Voz 4 Generación 4k 8gb,121424.0,https://articulo.mercadolibre.com.ar/MLA-1465095701-chromecast-with-google-tv-de-voz-4-generacion-4k-8gb-_JM,466232376,new,50,
chromecast,MLA1669104294,Google Chromecast Ultra 4k Negro (bulk) ,72369.2,https://articulo.mercadolibre.com.ar/MLA-1669104294-google-chromecast-ultra-4k-negro-bulk-_JM,181300200,new,1,
chromecast,MLA1944764898,Xiaomi Mi Tv Stick Mdz-27-eu 4k Uhd Conversor Smart Tv,115990.0,https://articulo.mercadolibre.com.ar/MLA-1944764898-xiaomi-mi-tv-stick-mdz-27-eu-4k-uhd-conversor-smart-tv-_JM,70413483,new,100,
chromecast,MLA1470869097,Tv Box / Apps / Bluetooth / Fhd / Tv,55000.0,https://articulo.mercadolibre.com.ar/MLA-1470869097-tv-box-apps-bluetooth-fhd-tv-_JM,75225071,new,1,
chromecast,MLA1468045807,Chromecast Google Tv De Voz 4 Generación 4k 8gb Con Cargador,159000.0,https://articulo.mercadolibre.com.ar/MLA-1468045807-chromecast-google-tv-de-voz-4-generacion-4k-8gb-con-cargador-_JM,255083266,new,1,
chromecast,MLA1150795107,Chromecast 4 Smart Tv Netflix Googletv 4k Hdr Control Remoto,128599.0,https://articulo.mercadolibre.com.ar/MLA-1150795107-chromecast-4-smart-tv-netflix-googletv-4k-hdr-control-remoto-_JM,701293922,new,1,
chromecast,MLA1473728867,Smart Tv Onn Uhd Streaming Device 2° Gen 4k Color Negro,72999.0,https://articulo.mercadolibre.com.ar/MLA-1473728867-smart-tv-onn-uhd-streaming-device-2-gen-4k-color-negro-_JM,287054359,new,1,
chromecast,MLA2000542782,"Google Tv Streamer 4k, 32gb",178876.01,https://articulo.mercadolibre.com.ar/MLA-2000542782-google-tv-streamer-4k-32gb-_JM,2153421531,new,1,
chromecast,MLA874470219,Xiaomi Mi Tv Stick Full Hd 8gb Con Control X Voz Chromecast,99999.0,https://articulo.mercadolibre.com.ar/MLA-874470219-xiaomi-mi-tv-stick-full-hd-8gb-con-control-x-voz-chromecast-_JM,268317904,new,1,
chromecast,MLA1441671447,Smart Tv Convertidor Hdmi 4k Full Hd Android 11 Pcreg,96999.0,https://articulo.mercadolibre.com.ar/MLA-1441671447-smart-tv-convertidor-hdmi-4k-full-hd-android-11-pcreg-_JM,666749750,new,500,
chromecast,MLA1446415291,Chromecast Google Ga03131 Tv Hd Snow-smart Tv-control Remoto,112999.0,https://articulo.mercadolibre.com.ar/MLA-1446415291-chromecast-google-ga03131-tv-hd-snow-smart-tv-control-remoto-_JM,1946156367,new,50,
chromecast,MLA1967479894,Tv Xiaomi Mi Tv Stick 4k Ultra Hd Uhd Android Tv Google,99999.0,https://www.mercadolibre.com.ar/tv-xiaomi-mi-tv-stick-4k-ultra-hd-uhd-android-tv-google/p/MLA22355394#wid=MLA1967479894&sid=unknown,21444777,new,1,
chromecast,MLA2021377464,Google Chromecast Hd,124000.0,https://www.mercadolibre.com.ar/google-chromecast-hd/p/MLA19971472#wid=MLA2021377464&sid=unknown,50520189,new,1,
chromecast,MLA1663084514,Dcolor Chromecast Gd1 4k De Voz 4k 16gb Negro Con 2gb De Memoria Ram,105000.0,https://www.mercadolibre.com.ar/dcolor-chromecast-gd1-4k-de-voz-4k-16gb-negro-con-2gb-de-memoria-ram/p/MLA27202677#wid=MLA1663084514&sid=unknown,201020360,new,1,
chromecast,MLA2012521480,Tv Box Watch Onn 4k Chromecast Solucionado Ubicación Negro,86000.0,https://articulo.mercadolibre.com.ar/MLA-2012521480-tv-box-watch-onn-4k-chromecast-solucionado-ubicacion-negro-_JM,151114793,new,1,
chromecast,MLA1408611968,Google Chromecast 4k 8gb Snow Control De Voz Ga01919-us 2gb,117988.92,https://articulo.mercadolibre.com.ar/MLA-1408611968-google-chromecast-4k-8gb-snow-control-de-voz-ga01919-us-2gb-_JM,201564269,new,50,
google home,MLA1597574484,Parlante Google Home Mini Asistente Virtual Refabricado,41270.0,https://articulo.mercadolibre.com.ar/MLA-1597574484-parlante-google-home-mini-asistente-virtual-refabricado-_JM,284824585,new,1,
google home,MLA930506223,Soporte Montaje Embutido Pared Google Home Hub Mountgenie,19900.0,https://articulo.mercadolibre.com.ar/MLA-930506223-soporte-montaje-embutido-pared-google-home-hub-mountgenie-_JM,86543122,new,1,
google home,MLA2011107376,Prte Pared 45º Ggle Hme Hub 138x60mm Nextsale Clr Negr,10900.0,https://www.mercadolibre.com.ar/prte-pared-45-ggle-hme-hub-138x60mm-nextsale-clr-negr/p/MLA45574146#wid=MLA2011107376&sid=unknown,738783679,new,5000,
google home,MLA1110314122,Soporte Pared 45º Google Home Hub Base 138x60mm Nextsale,10900.0,https://articulo.mercadolibre.com.ar/MLA-1110314122-soporte-pared-45-google-home-hub-base-138x60mm-nextsale-_JM,738783679,new,5000,
google home,MLA1110377590,Soporte De Pared Google Mini Home / Nest Mini 2da Generacion,10900.0,https://articulo.mercadolibre.com.ar/MLA-1110377590-soporte-de-pared-google-mini-home-nest-mini-2da-generacion-_JM,738783679,new,5000,
google home,MLA1364551668,Parlante Inteligente Google Home Mini  Youtube Usado Gris,58990.0,https://articulo.mercadolibre.com.ar/MLA-1364551668-parlante-inteligente-google-home-mini-youtube-usado-gris-_JM,284824585,used,1,
google home,MLA1569955706,Google Home Asistente Virtual Google Assistant White Y Slate,220000.0,https://articulo.mercadolibre.com.ar/MLA-1569955706-google-home-asistente-virtual-google-assistant-white-y-slate-_JM,781556525,used,1,
google home,MLA1480304633,Google Home Max Color Chalk 110/220v Wifi,800000.0,https://articulo.mercadolibre.com.ar/MLA-1480304633-google-home-max-color-chalk-110220v-wifi-_JM,190623473,used,1,
google home,MLA1361515563,Parlante Inteligente Google Home Mini Smart Speaker Spotify,58990.0,https://articulo.mercadolibre.com.ar/MLA-1361515563-parlante-inteligente-google-home-mini-smart-speaker-spotify-_JM,119914491,used,1,
google home,MLA1361528507,Parlante Inteligente Google Home Mini Smart Speaker Gris Yt,62990.0,https://articulo.mercadolibre.com.ar/MLA-1361528507-parlante-inteligente-google-home-mini-smart-speaker-gris-yt-_JM,309453406,used,1,
google home,MLA1412480803,Google Home Mini Negro,90000.0,https://articulo.mercadolibre.com.ar/MLA-1412480803-google-home-mini-negro-_JM,112541789,used,1,
google home,MLA1892733826,Google Home Mini Con Asistente Virtual Chalk 110v/220v,55000.0,https://articulo.mercadolibre.com.ar/MLA-1892733826-google-home-mini-con-asistente-virtual-chalk-110v220v-_JM,9828038,used,1,
google home,MLA1416430677,Google Home Mini Original!! Google Assistant ,40000.0,https://articulo.mercadolibre.com.ar/MLA-1416430677-google-home-mini-original-google-assistant-_JM,80964507,used,1,
google home,MLA1820484428,Google Home Mini Con Asistente Virtual Charcoal 110v/220v,89999.0,https://articulo.mercadolibre.com.ar/MLA-1820484428-google-home-mini-con-asistente-virtual-charcoal-110v220v-_JM,5971698,used,1,
google home,MLA1437520249,Google Home Mini Con Asistente Virtual Color Negro,159999.0,https://articulo.mercadolibre.com.ar/MLA-1437520249-google-home-mini-con-asistente-virtual-color-negro-_JM,1347881976,used,1,
google home,MLA1807784940,Google Home Mini Con Asistente Virtual,99000.0,https://articulo.mercadolibre.com.ar/MLA-1807784940-google-home-mini-con-asistente-virtual-_JM,83961287,used,1,
google home,MLA1854015610,Google Home Mini Con Google Assistant,30000.0,https://articulo.mercadolibre.com.ar/MLA-1854015610-google-home-mini-con-google-assistant-_JM,1049472925,used,1,
google home,MLA2010279400,Google Home Mini,50000.0,https://articulo.mercadolibre.com.ar/MLA-2010279400-google-home-mini-_JM,95368838,used,1,
google home,MLA1476279951,"Altavoz Wi-fi Google Home Mini Assistant, Color Negro",38000.0,https://articulo.mercadolibre.com.ar/MLA-1476279951-altavoz-wi-fi-google-home-mini-assistant-color-negro-_JM,515558961,used,1,
google home,MLA1474936661,Google Home Mini Con Google Assistant Chalk 110/220v Chalk,44999.0,https://www.mercadolibre.com.ar/google-home-mini-con-google-assistant-chalk-110220v/up/MLAU2997082107#wid=MLA1474936661&sid=unknown,59352425,used,1,
apple tv,MLA1618186704,Apple Tv 4k (wifi + Ethernet) A2843 De Voz 3.ª Generación 2022 4k 128gb Negro - Distribuidor Autorizado,356439.24,https://www.mercadolibre.com.ar/apple-tv-4k-wifi-ethernet-a2843-de-voz-3-generacion-2022-4k-128gb-negro-distribuidor-autorizado/p/MLA1021015906#wid=MLA1618186704&sid=unknown,553476757,new,1,
apple tv,MLA1366426083,Apple Tv 4k (wifi) A2737 De Voz 3.ª Generación 2022 4k 64gb Negro - Distribuidor Autorizado,335906.0,https://www.mercadolibre.com.ar/apple-tv-4k-wifi-a2737-de-voz-3-generacion-2022-4k-64gb-negro-distribuidor-autorizado/p/MLA1021459431#wid=MLA1366426083&sid=unknown,553476757,new,1,
apple tv,MLA1449403463,Apple Tv Hd A1625 De Voz 4.ª Generación 2015 Full Hd 32gb Negro Con 2gb De Memoria Ram,191990.0,https://www.mercadolibre.com.ar/apple-tv-hd-a1625-de-voz-4-generacion-2015-full-hd-32gb-negro-con-2gb-de-memoria-ram/p/MLA6253544#wid=MLA1449403463&sid=unknown,119914491,new,1,
apple tv,MLA1618186640,Apple Tv 4k (wifi + Ethernet) A2843 De Voz 3.ª Generación 2022 4k 128gb Negro,435289.21,https://www.mercadolibre.com.ar/apple-tv-4k-wifi-ethernet-a2843-de-voz-3-generacion-2022-4k-128gb-negro/p/MLA21015906#wid=MLA1618186640&sid=unknown,208137579,new,1,
apple tv,MLA1399215546,Apple Tv 4k (wifi) A2737 De Voz 3.ª Generación 2022 4k 64gb Negro,395992.17,https://www.mercadolibre.com.ar/apple-tv-4k-wifi-a2737-de-voz-3-generacion-2022-4k-64gb-negro/p/MLA21459431#wid=MLA1399215546&sid=unknown,208137579,new,1,
apple tv,MLA1453365954,Apple Tv 4k A2169 De Voz 2.ª Generación 2021 4k 32gb Negro,499997.0,https://www.mercadolibre.com.ar/apple-tv-4k-a2169-de-voz-2-generacion-2021-4k-32gb-negro/p/MLA18385616#wid=MLA1453365954&sid=unknown,173426652,new,1,
apple tv,MLA1594852796,Apple Tv 4k A2169 De Voz 2.ª Generación 2021 4k 64gb Negro,466300.0,https://www.mercadolibre.com.ar/apple-tv-4k-a2169-de-voz-2-generacion-2021-4k-64gb-negro/p/MLA18385617#wid=MLA1594852796&sid=unknown,244022676,new,1,
apple tv,MLA1981233514,Apple Tv 4k Wi-fi (tercera Generación) 128 Gb Ethernet,286883.94,https://articulo.mercadolibre.com.ar/MLA-1981233514-apple-tv-4k-wi-fi-tercera-generacion-128-gb-ethernet-_JM,2150532932,new,1,
apple tv,MLA1719499042,Streaming Apple Tv Fhd 32gb 2nd Gen 2021 Black Mhy93ll/a ,227864.0,https://articulo.mercadolibre.com.ar/MLA-1719499042-streaming-apple-tv-fhd-32gb-2nd-gen-2021-black-mhy93lla-_JM,119914491,new,1,
apple tv,MLA1345295576, Apple Tv 4k Wifi A2737 De Voz 3.ª Generación 2022 4k 64gb,369717.0,https://articulo.mercadolibre.com.ar/MLA-1345295576-apple-tv-4k-wifi-a2737-de-voz-3-generacion-2022-4k-64gb-_JM,1017136269,new,1,
apple tv,MLA1361163774, Apple Tv 4k (wifi + Ethernet) 3.ª Generación 2022 128gb,664999.0,https://articulo.mercadolibre.com.ar/MLA-1361163774-apple-tv-4k-wifi-ethernet-3-generacion-2022-128gb-_JM,1017136269,new,1,
apple tv,MLA1458318213,Apple Tv 4k (wifi + Ethernet)  3ra Gen 2022 4k 128gb Negro,420000.0,https://articulo.mercadolibre.com.ar/MLA-1458318213-apple-tv-4k-wifi-ethernet-3ra-gen-2022-4k-128gb-negro-_JM,1272142009,new,1,
apple tv,MLA1426291701,Apple Tv 4k 64gb Modelo A2169. Soporte Y Funda De Regalo,408240.0,https://articulo.mercadolibre.com.ar/MLA-1426291701-apple-tv-4k-64gb-modelo-a2169-soporte-y-funda-de-regalo-_JM,44820200,new,1,
apple tv,MLA2011479876,Apple Tv 4k Wi-fi (tercera Generación) 64gb Apple Tv Negro De Voz,330000.0,https://www.mercadolibre.com.ar/apple-tv-4k-wifi-tercera-generacion-64gb-apple-tv/up/MLAU3003798965#wid=MLA2011479876&sid=unknown,207099651,new,1,
apple tv,MLA1904940598,Apple Tv 4k 64 Gb Negro Con Memoria Ram De 3 Gb A1842,220000.0,https://articulo.mercadolibre.com.ar/MLA-1904940598-apple-tv-4k-64-gb-negro-con-memoria-ram-de-3-gb-a1842-_JM,1010179756,used,1,
apple tv,MLA2013720360,"Apple Tv Modelo A1427 Con Control ,hdmi Y Cable Alimentación Negro Estándar",49999.0,https://www.mercadolibre.com.ar/apple-tv-modelo-a1427-con-control-hdmi-y-cable-alimentacion/up/MLAU3014967534#wid=MLA2013720360&sid=unknown,57316981,used,1,
apple tv,MLA1448806077,"Apple Tv A1469 3.a Gen. Full Hd 8gb, 1gb Ram,estado Impoluto",44900.0,https://articulo.mercadolibre.com.ar/MLA-1448806077-apple-tv-a1469-3a-gen-full-hd-8gb-1gb-ramestado-impoluto-_JM,83924255,used,1,
apple tv,MLA1990017942,Apple Tv De 3° Generación - Md199bz/a Muy Poco Uso!!!,59000.0,https://articulo.mercadolibre.com.ar/MLA-1990017942-apple-tv-de-3-generacion-md199bza-muy-poco-uso-_JM,42457975,used,1,
apple tv,MLA1475974383,Apple Tv 4k 32 Gb,35000.0,https://articulo.mercadolibre.com.ar/MLA-1475974383-apple-tv-4k-32-gb-_JM,151832369,used,1,
apple tv,MLA1968764116,Apple Tv 2.a Generación Hd 8gb Negro,30000.0,https://articulo.mercadolibre.com.ar/MLA-1968764116-apple-tv-2a-generacion-hd-8gb-negro-_JM,19437128,used,1,
apple tv,MLA1984892006,Apple Tv (3era Generación) Modelo A1427,60000.0,https://articulo.mercadolibre.com.ar/MLA-1984892006-apple-tv-3era-generacion-modelo-a1427-_JM,11191172,used,1,
apple tv,MLA2007226274,Apple Tv A1378 Estándar 2.a Generación,24989.0,https://articulo.mercadolibre.com.ar/MLA-2007226274-apple-tv-a1378-estandar-2a-generacion-_JM,403002713,used,1,
apple tv,MLA1478481559,Apple Tv A1625 4k 4ta 4th Generación 2015,145000.0,https://articulo.mercadolibre.com.ar/MLA-1478481559-apple-tv-a1625-4k-4ta-4th-generacion-2015-_JM,16356450,used,1,
apple tv,MLA1469995027,Apple Tv A1218 2007 1.a Generacion,30000.0,https://articulo.mercadolibre.com.ar/MLA-1469995027-apple-tv-a1218-2007-1a-generacion-_JM,740934971,used,1,
apple tv,MLA1462043665,Apple Tv 2a Generación Full Hd,40000.0,https://articulo.mercadolibre.com.ar/MLA-1462043665-apple-tv-2a-generacion-full-hd-_JM,27193808,used,1,
apple tv,MLA1447987851,Apple Tv A1427 Estándar 3.a Generación Fhd,70000.0,https://articulo.mercadolibre.com.ar/MLA-1447987851-apple-tv-a1427-estandar-3a-generacion-fhd-_JM,16775872,used,1,
apple tv,MLA1460688751,Apple Tv Hd 4.a Generación 2015 A1625 / 32 Gb,180000.0,https://articulo.mercadolibre.com.ar/MLA-1460688751-apple-tv-hd-4a-generacion-2015-a1625-32-gb-_JM,44339935,used,1,
apple tv,MLA1399520644,Apple Tv 4k 32gb A1842 Negro (usado),400000.0,https://articulo.mercadolibre.com.ar/MLA-1399520644-apple-tv-4k-32gb-a1842-negro-usado-_JM,246369034,used,1,
apple tv,MLA1460121355,Apple Tv 4k (wifi) A2737 De Voz 3.a Generación 64gb,310000.0,https://articulo.mercadolibre.com.ar/MLA-1460121355-apple-tv-4k-wifi-a2737-de-voz-3a-generacion-64gb-_JM,614420282,used,1,
apple tv,MLA1474178905,Apple Tv 4k,50000.0,https://articulo.mercadolibre.com.ar/MLA-1474178905-apple-tv-4k-_JM,480073619,used,1,
apple tv,MLA1938425710,Apple Tv 3,38000.0,https://articulo.mercadolibre.com.ar/MLA-1938425710-apple-tv-3-_JM,25327485,used,1,
apple tv,MLA1877356464,Apple Tv 2 3.ª Gen. Full Hd 1gb Ram 8gb.,45000.0,https://articulo.mercadolibre.com.ar/MLA-1877356464-apple-tv-2-3-gen-full-hd-1gb-ram-8gb-_JM,180486592,used,1,
apple tv,MLA1911254292,Apple Tv 4k (wifi + Ethernet) A2843 4k 128gb Negro,400000.0,https://articulo.mercadolibre.com.ar/MLA-1911254292-apple-tv-4k-wifi-ethernet-a2843-4k-128gb-negro-_JM,77667444,used,1,
apple tv,MLA1781884668, Apple Tv A1427 2.ª Generación ,37081.98,https://articulo.mercadolibre.com.ar/MLA-1781884668-apple-tv-a1427-2-generacion-_JM,70102362,used,1,
apple tv,MLA1990674538,Apple Tv 3.a Generación A1427,49000.0,https://articulo.mercadolibre.com.ar/MLA-1990674538-apple-tv-3a-generacion-a1427-_JM,21778171,used,1,
apple tv,MLA1470131529,Apple Tv Hd A1625 De Voz 4.a Gen 2015 Full Hd 32gb,150000.0,https://articulo.mercadolibre.com.ar/MLA-1470131529-apple-tv-hd-a1625-de-voz-4a-gen-2015-full-hd-32gb-_JM,13779625,used,1,
apple tv,MLA1475666907,Apple Tv  Full Hd 32gb,250000.0,https://articulo.mercadolibre.com.ar/MLA-1475666907-apple-tv-full-hd-32gb-_JM,83925369,used,1,
apple tv,MLA1443682603,Apple Tv 2ª Generaciónhd 8gb Negro Con 256mb De Memoria Ram,60000.0,https://articulo.mercadolibre.com.ar/MLA-1443682603-apple-tv-2-generacionhd-8gb-negro-con-256mb-de-memoria-ram-_JM,120708889,used,1,
apple tv,MLA1972159008,Apple Tv A1427 ( Control No Funciona),20000.0,https://articulo.mercadolibre.com.ar/MLA-1972159008-apple-tv-a1427-control-no-funciona-_JM,33446855,used,1,
apple tv,MLA1463957805,Apple Tv 4.a Generación 2015 Full Hd 32gb 2gb Ram,250000.0,https://articulo.mercadolibre.com.ar/MLA-1463957805-apple-tv-4a-generacion-2015-full-hd-32gb-2gb-ram-_JM,75988422,used,1,
apple tv,MLA1867521508,Apple Tv A1469 3ra Generación,58000.0,https://articulo.mercadolibre.com.ar/MLA-1867521508-apple-tv-a1469-3ra-generacion-_JM,115431977,used,1,
apple tv,MLA1913427140,Apple Tv A1427  3.a Generación Full Hd 8gb Negro,60000.0,https://articulo.mercadolibre.com.ar/MLA-1913427140-apple-tv-a1427-3a-generacion-full-hd-8gb-negro-_JM,1439744152,used,1,
apple tv,MLA1445793563,Apple Tv Hd A1625 De Voz 4.ª Generación 2015 Full Hd 64 Gb,150000.0,https://articulo.mercadolibre.com.ar/MLA-1445793563-apple-tv-hd-a1625-de-voz-4-generacion-2015-full-hd-64-gb-_JM,89647872,used,1,
apple tv,MLA1903134622,Apple Tv A1427 3.ª Generación Full Hd 8gb,73999.0,https://articulo.mercadolibre.com.ar/MLA-1903134622-apple-tv-a1427-3-generacion-full-hd-8gb-_JM,62674746,used,1,
apple tv,MLA2010200866,Apple Tv Hd 4ta 4th Generación 2015 A1625 Restore Problem,59000.0,https://articulo.mercadolibre.com.ar/MLA-2010200866-apple-tv-hd-4ta-4th-generacion-2015-a1625-restore-problem-_JM,72129527,used,1,
apple tv,MLA1448835555,Apple Tv A1469 Estándar 3,80000.0,https://articulo.mercadolibre.com.ar/MLA-1448835555-apple-tv-a1469-estandar-3-_JM,43381121,used,1,
apple tv,MLA1414122791, Apple Tv A1427 Negro - 1080p Full Hd,120000.0,https://articulo.mercadolibre.com.ar/MLA-1414122791-apple-tv-a1427-negro-1080p-full-hd-_JM,211738,used,1,
apple tv,MLA1436930383,Apple Tv A1427 Estándar 3.ªgeneracion,80500.0,https://articulo.mercadolibre.com.ar/MLA-1436930383-apple-tv-a1427-estandar-3generacion-_JM,35640592,used,1,
apple tv,MLA1317267791,Apple Tv 3era Generación. Full Hd. Con Control Remoto,80000.0,https://articulo.mercadolibre.com.ar/MLA-1317267791-apple-tv-3era-generacion-full-hd-con-control-remoto-_JM,84465736,used,1,
apple tv,MLA1464945897,Apple Tv 3.a Generación 512mb,99000.0,https://articulo.mercadolibre.com.ar/MLA-1464945897-apple-tv-3a-generacion-512mb-_JM,638036776,used,1,
apple tv,MLA2016882872,Apple Tv 3gen Full Hd 8gb *no Funciona*,15000.0,https://articulo.mercadolibre.com.ar/MLA-2016882872-apple-tv-3gen-full-hd-8gb-no-funciona-_JM,52104263,used,1,
apple tv,MLA1938835060,Apple Tv A1469. Full Hd 8gb/ 512mb Ram Sin Control Remoto,65000.0,https://articulo.mercadolibre.com.ar/MLA-1938835060-apple-tv-a1469-full-hd-8gb-512mb-ram-sin-control-remoto-_JM,38345984,used,1,
apple tv,MLA1954758528,Apple Tv 3ra Gen. En Caja. Como Nuevo,140000.0,https://articulo.mercadolibre.com.ar/MLA-1954758528-apple-tv-3ra-gen-en-caja-como-nuevo-_JM,109894,used,1,
apple tv,MLA1822817324,Apple Tv A1427  3.ª Generación Full Hd 8gb Negro,39000.0,https://articulo.mercadolibre.com.ar/MLA-1822817324-apple-tv-a1427-3-generacion-full-hd-8gb-negro-_JM,154069155,used,1,
apple tv,MLA1755792356, Apple Tv A1469 3.ª Generación. Perf. Estado Caja Cable Orig,90000.0,https://articulo.mercadolibre.com.ar/MLA-1755792356-apple-tv-a1469-3-generacion-perf-estado-caja-cable-orig-_JM,12274147,used,1,
apple tv,MLA1189756455, Apple Tv 3rd Generation,100000.0,https://articulo.mercadolibre.com.ar/MLA-1189756455-apple-tv-3rd-generation-_JM,140707172,used,1,
apple tv,MLA1913452572,Apple Tv 3a Gen  Full Hd 8gb 512mb Ram A1427,45000.0,https://articulo.mercadolibre.com.ar/MLA-1913452572-apple-tv-3a-gen-full-hd-8gb-512mb-ram-a1427-_JM,42544866,used,1,
apple tv,MLA1464550035,Apple Tv A1427 Estándar 3.a Generación,25000.0,https://articulo.mercadolibre.com.ar/MLA-1464550035-apple-tv-a1427-estandar-3a-generacion-_JM,207573097,used,1,
apple tv,MLA1670324528,"Usado Apple Tv 3 A1469 Full Hd Negro Completo, Sin Detalles.",99000.0,https://articulo.mercadolibre.com.ar/MLA-1670324528-usado-apple-tv-3-a1469-full-hd-negro-completo-sin-detalles-_JM,1530068588,used,1,
apple tv,MLA1476588829,Apple Tv (3era Generación) Modelo A1427,70000.0,https://articulo.mercadolibre.com.ar/MLA-1476588829-apple-tv-3era-generacion-modelo-a1427-_JM,411388685,used,1,
apple tv,MLA2006658576,Apple Tv ,59900.0,https://articulo.mercadolibre.com.ar/MLA-2006658576-apple-tv-_JM,58348106,used,1,
apple tv,MLA2012548500, Apple Tv  3.ª Generación (year 2012),45000.0,https://articulo.mercadolibre.com.ar/MLA-2012548500-apple-tv-3-generacion-year-2012-_JM,42544866,used,1,
apple tv,MLA2022080648,Apple Tv 4k 32 Gb,265000.0,https://articulo.mercadolibre.com.ar/MLA-2022080648-apple-tv-4k-32-gb-_JM,40893214,used,1,
apple tv,MLA1473540963,"Apple Tv A1469 3.ª Gen. Full Hd 8gb, 512mb Ram",35000.0,https://articulo.mercadolibre.com.ar/MLA-1473540963-apple-tv-a1469-3-gen-full-hd-8gb-512mb-ram-_JM,31471346,used,1,
apple tv,MLA2023381720,Apple Tv 4k (wifi + Ethernet) A2843 De Voz 3ra Gen 128gb Negro De Voz,280000.0,https://www.mercadolibre.com.ar/apple-tv-4k-wifi--ethernet-a2843-de-voz-3ra-gen-128gb/up/MLAU3048172716#wid=MLA2023381720&sid=unknown,617463474,used,1,
apple tv,MLA1997731548,Apple Tv 2da Generacion Usado Impecable,45000.0,https://articulo.mercadolibre.com.ar/MLA-1997731548-apple-tv-2da-generacion-usado-impecable-_JM,66393546,used,1,
apple tv,MLA2023980118,Apple Tv Estándar 1.ª Generación 2007,35000.0,https://articulo.mercadolibre.com.ar/MLA-2023980118-apple-tv-estandar-1-generacion-2007-_JM,99195393,used,1,
apple tv,MLA1480288485,Apple Tv Hd 1080p 2015 A1625 32 Gb 4 Generacion Negro De Voz,159000.0,https://www.mercadolibre.com.ar/apple-tv-hd-1080p-2015-a1625-32-gb-4-generacion/up/MLAU3046837087#wid=MLA1480288485&sid=unknown,3441546,used,1,
apple tv,MLA1478333831,Apple Tv 4k A2169 De Voz 2.a Generación 2021 4k 32gb Negro,250000.0,https://articulo.mercadolibre.com.ar/MLA-1478333831-apple-tv-4k-a2169-de-voz-2a-generacion-2021-4k-32gb-negro-_JM,27918875,used,1,
apple tv,MLA1472440651,Apple Tv 4k + Ethernet A2843  3 Gen 2022 4k 128gb Negro,310000.0,https://articulo.mercadolibre.com.ar/MLA-1472440651-apple-tv-4k-ethernet-a2843-3-gen-2022-4k-128gb-negro-_JM,589428,used,1,
apple tv,MLA1476622533,Apple Tv A1427 Estándar 3.a Generación,39990.0,https://articulo.mercadolibre.com.ar/MLA-1476622533-apple-tv-a1427-estandar-3a-generacion-_JM,45581120,used,1,
apple tv,MLA1986916438,Apple Tv A1218 Estándar 1.ª,30000.0,https://articulo.mercadolibre.com.ar/MLA-1986916438-apple-tv-a1218-estandar-1-_JM,35040364,used,1,
apple tv,MLA2009899242, Apple Tv Hd A1625 ,160000.0,https://articulo.mercadolibre.com.ar/MLA-2009899242-apple-tv-hd-a1625-_JM,108337439,used,1,
apple tv,MLA1470242961, Apple Tv A1469 3.ª Generación Rev. A Full Hd 8gb Negro,65000.0,https://articulo.mercadolibre.com.ar/MLA-1470242961-apple-tv-a1469-3-generacion-rev-a-full-hd-8gb-negro-_JM,40251114,used,1,
apple tv,MLA1438665381,Apple Tv A1427 3.ª Generación Full Hd 8gb Negro 512mb,250000.0,https://articulo.mercadolibre.com.ar/MLA-1438665381-apple-tv-a1427-3-generacion-full-hd-8gb-negro-512mb-_JM,98495999,used,1,
apple tv,MLA1897081278,Apple Tv  4.ª Generación Full Hd 32gb Negro,250000.0,https://articulo.mercadolibre.com.ar/MLA-1897081278-apple-tv-4-generacion-full-hd-32gb-negro-_JM,98495999,used,1,
apple tv,MLA2017639986,Apple Tv Hd 4ta 32gb + Soporte De Pared,230000.0,https://articulo.mercadolibre.com.ar/MLA-2017639986-apple-tv-hd-4ta-32gb-soporte-de-pared-_JM,80943256,used,1,
apple tv,MLA2010343912,Apple Tv 4k 64gb (wi-fi) - 3.a Generación 2019-sin Control R Negro De Voz,30000.0,https://www.mercadolibre.com.ar/apple-tv-4k-64gb-wifi--3a-generacion-2019sin-control-r/up/MLAU3006041310#wid=MLA2010343912&sid=unknown,85891306,used,1,
apple tv,MLA1419331631, Apple Tv 1ª Gen Full Hd -olo Aparato - Enciende - No Envío,25775.2,https://articulo.mercadolibre.com.ar/MLA-1419331631-apple-tv-1-gen-full-hd-olo-aparato-enciende-no-envio-_JM,290356664,used,1,
apple tv,MLA2015918398,Apple Tv 64gb,150000.0,https://articulo.mercadolibre.com.ar/MLA-2015918398-apple-tv-64gb-_JM,188664185,used,1,
apple tv,MLA1477935599,Apple Tv 3ra Generación A1469,65000.0,https://articulo.mercadolibre.com.ar/MLA-1477935599-apple-tv-3ra-generacion-a1469-_JM,62134019,used,1,
apple tv,MLA924796800,Apple Tv Modelo A1469 3ra Gen - No Enciende - No Envío - C12,45654.0,https://articulo.mercadolibre.com.ar/MLA-924796800-apple-tv-modelo-a1469-3ra-gen-no-enciende-no-envio-c12-_JM,290356664,used,1,
amazon fire tv,MLA1418105717,Amazon Fire Tv Stick 4k 2023 Wifi 6 2gb De Ram Con Alexa Color Negro,68499.0,https://www.mercadolibre.com.ar/amazon-fire-tv-stick-4k-2023-wifi-6-2gb-de-ram-con-alexa-color-negro/p/MLA28024922#wid=MLA1418105717&sid=unknown,86898163,new,1,
amazon fire tv,MLA1106539941,Amazon Lite Fire Tv Stick B091g4yp57 De Voz Full Hd 8gb Negro Con 1gb De Memoria Ram,57985.0,https://www.mercadolibre.com.ar/amazon-lite-fire-tv-stick-b091g4yp57-de-voz-full-hd-8gb-negro-con-1gb-de-memoria-ram/p/MLA19732185#wid=MLA1106539941&sid=unknown,52270943,new,1,
amazon fire tv,MLA1436039249,Amazon Fire Tv Stick 4k Ultra Hd Max 16gb 2nda Generación Wi-fi 6e Color Negro Tipo De Control Remoto Estándar,100150.0,https://www.mercadolibre.com.ar/amazon-fire-tv-stick-4k-ultra-hd-max-16gb-2nda-generacion-wi-fi-6e-color-negro-tipo-de-control-remoto-estandar/p/MLA29627884#wid=MLA1436039249&sid=unknown,167338436,new,1,
amazon fire tv,MLA1920595708,Amazon Fire Tv Stick De Voz 3gen Full Hd 8gb Negro Con 1gb De Ram,84075.0,https://www.mercadolibre.com.ar/amazon-fire-tv-stick-de-voz-3gen-full-hd-8gb-negro-con-1gb-de-ram/p/MLA18593745#wid=MLA1920595708&sid=unknown,656691895,new,1,
amazon fire tv,MLA1479744839,Amazon Fire Tv Stick Lite Control Por Voz Alexa Fhd 1080p Color Negro Tipo De Control Remoto De Voz,57800.0,https://www.mercadolibre.com.ar/amazon-fire-tv-stick-lite-control-por-voz-alexa-fhd-1080p-color-negro-tipo-de-control-remoto-de-voz/p/MLA24588486#wid=MLA1479744839&sid=unknown,1070313715,new,1,
amazon fire tv,MLA1424231923,Amazon Fire Tv Stick 4k Max 16 Gb Wifi 6 Ultra Rápido Color Negro,108299.0,https://www.mercadolibre.com.ar/amazon-fire-tv-stick-4k-max-16-gb-wifi-6-ultra-rapido-color-negro/p/MLA29525405#wid=MLA1424231923&sid=unknown,451257294,new,1,
amazon fire tv,MLA1902975430,Amazon Fire Tv Stick 3ra Hd Alexa Voice Remote Original,85990.0,https://www.mercadolibre.com.ar/amazon-fire-tv-stick-3ra-hd-alexa-voice-remote-original/p/MLA21723872#wid=MLA1902975430&sid=unknown,119671699,new,1,
amazon fire tv,MLA1477750263,Amazon Fire Tv Stick Hd 4a Generación Con Comandos De Voz Negro 1gb Ram,59933.0,https://www.mercadolibre.com.ar/amazon-fire-tv-stick-hd-4a-generacion-con-comandos-de-voz-negro-1gb-ram/p/MLA44218605#wid=MLA1477750263&sid=unknown,160852200,new,1,
amazon fire tv,MLA1985471482,Amazon Fire Tv Stick Hd 2024 Control Por Voz Smart Tv- Netfl,58999.0,https://articulo.mercadolibre.com.ar/MLA-1985471482-amazon-fire-tv-stick-hd-2024-control-por-voz-smart-tv-netfl-_JM,1946156367,new,1,
amazon fire tv,MLA1369238847,Amazon Fire Tv Stick Lite Control De Voz Full Hd 8gb 1gb Ram,65999.12,https://articulo.mercadolibre.com.ar/MLA-1369238847-amazon-fire-tv-stick-lite-control-de-voz-full-hd-8gb-1gb-ram-_JM,1002842391,new,1,
amazon fire tv,MLA1397794231,"Fire Tv Stick (3.ª Generación 2021) Con Alexa Voice Remote,",69279.0,https://www.mercadolibre.com.ar/fire-tv-stick-3-generacion-2021-con-alexa-voice-remote/p/MLA20544487#wid=MLA1397794231&sid=unknown,135917254,new,1,
amazon fire tv,MLA1474169913,Amazon Fire Tv Stick Hd 2024 Control Por Voz Fhd Sicoaf,59999.0,https://articulo.mercadolibre.com.ar/MLA-1474169913-amazon-fire-tv-stick-hd-2024-control-por-voz-fhd-sicoaf-_JM,821536236,new,100,
amazon fire tv,MLA1975526012,Amazon Fire Tv Stick Hd 2024 Control De Voz 8gh Wifi 5 Nuevo,78989.73,https://articulo.mercadolibre.com.ar/MLA-1975526012-amazon-fire-tv-stick-hd-2024-control-de-voz-8gh-wifi-5-nuevo-_JM,209752538,new,1,
amazon fire tv,MLA1856299014,Amazon Fire Tv Stick 4k De Voz 2ª Generación 4k 8gb Negro1 Con 1.5gb De Memoria Ram,90240.0,https://www.mercadolibre.com.ar/amazon-fire-tv-stick-4k-de-voz-2-generacion-4k-8gb-negro1-con-15gb-de-memoria-ram/p/MLA14141341#wid=MLA1856299014&sid=unknown,131846678,new,1,
amazon fire tv,MLA1908528342,"Amazon Fire Tv Stick 4k Streaming, Con Alexa Voice Remote Color Negro",98806.0,https://www.mercadolibre.com.ar/amazon-fire-tv-stick-4k-streaming-con-alexa-voice-remote-color-negro/p/MLA24025713#wid=MLA1908528342&sid=unknown,736807315,new,1,
amazon fire tv,MLA1937931438,Amazon Fire Tv Stick Lite Full Hd 8gb Control + Voz Negro,57985.0,https://articulo.mercadolibre.com.ar/MLA-1937931438-amazon-fire-tv-stick-lite-full-hd-8gb-control-voz-negro-_JM,1848533798,new,1,
amazon fire tv,MLA1974013466,Amazon Fire Tv Stick Hd 2024 Control Por Voz Fhd Streamoing,61999.0,https://articulo.mercadolibre.com.ar/MLA-1974013466-amazon-fire-tv-stick-hd-2024-control-por-voz-fhd-streamoing-_JM,1473628674,new,1,
amazon fire tv,MLA2008339342,Amazon Fire Tv Stick 4k 2023 Wifi 6 2gb Color Negro,68479.0,https://articulo.mercadolibre.com.ar/MLA-2008339342-amazon-fire-tv-stick-4k-2023-wifi-6-2gb-color-negro-_JM,1946156367,new,1,
amazon fire tv,MLA1996368090,Streaming Fire Tv Stick lite - Amazon - 1080p Fhd / Rom 8gb,62299.11,https://www.mercadolibre.com.ar/streaming-fire-tv-sticklite-amazon-1080p-fhd-rom-8gb/p/MLA38413896#wid=MLA1996368090&sid=unknown,821536236,new,100,
amazon fire tv,MLA1974888490,Amazon Fire Tv Stick Hd 2024 Control Por Voz Fhd Streaming,66599.0,https://articulo.mercadolibre.com.ar/MLA-1974888490-amazon-fire-tv-stick-hd-2024-control-por-voz-fhd-streaming-_JM,1070313715,new,1,
amazon fire tv,MLA1441306967,Amazon Convertidor Fire Tv Stick Lite Alexa Voice Smart Tv,136491.25,https://articulo.mercadolibre.com.ar/MLA-1441306967-amazon-convertidor-fire-tv-stick-lite-alexa-voice-smart-tv-_JM,815964052,new,1,
amazon fire tv,MLA1364216697,Amazon Fire Tv Stick Lite Full Hd 8gb 1gb Ram Streaming,57984.0,https://articulo.mercadolibre.com.ar/MLA-1364216697-amazon-fire-tv-stick-lite-full-hd-8gb-1gb-ram-streaming-_JM,541665065,new,1,
amazon fire tv,MLA2005704458,Amazon Fire Tv Stick 4k 2023 Wifi 6 2gb De Ram Sicoaf,68499.0,https://articulo.mercadolibre.com.ar/MLA-2005704458-amazon-fire-tv-stick-4k-2023-wifi-6-2gb-de-ram-sicoaf-_JM,821536236,new,1,
amazon fire tv,MLA1664943482,Amazon Tv Stick Fire Tv Stick 4k Max K2r2te De Voz 1.ª Generación 4k 8gb Negro Con 2gb De Memoria Ram,100540.0,https://www.mercadolibre.com.ar/amazon-tv-stick-fire-tv-stick-4k-max-k2r2te-de-voz-1-generacion-4k-8gb-negro-con-2gb-de-memoria-ram/p/MLA22384784#wid=MLA1664943482&sid=unknown,29675476,new,1,
amazon fire tv,MLA1916062622,Amazon Tv Stick Lite 3ra Gen Streaming Full Hd,77427.0,https://articulo.mercadolibre.com.ar/MLA-1916062622-amazon-tv-stick-lite-3ra-gen-streaming-full-hd-_JM,198175440,new,500,
amazon fire tv,MLA1465489187,Amazon Fire Tv Stick 4k Fire Tv Stick 4k 53-008355 Pilas 4k Negro,89000.0,https://www.mercadolibre.com.ar/amazon-fire-tv-stick-4k-fire-tv-stick-4k-53-008355-pilas-4k-negro/p/MLA42248736#wid=MLA1465489187&sid=unknown,710955168,new,1,
amazon fire tv,MLA1975932800,Amazon Fire Tv Stick 4k 2023 Wifi 6 2gb De Ram Con Alexa,88989.6,https://articulo.mercadolibre.com.ar/MLA-1975932800-amazon-fire-tv-stick-4k-2023-wifi-6-2gb-de-ram-con-alexa-_JM,209752538,new,1,
amazon fire tv,MLA1477576483,Amazon Fire Tv Stick Lite Hd Tv Control Remoto Por Voz/ Npo,79000.0,https://articulo.mercadolibre.com.ar/MLA-1477576483-amazon-fire-tv-stick-lite-hd-tv-control-remoto-por-voz-npo-_JM,57739434,new,1,
amazon fire tv,MLA1451230839,Amazon Fire Tv Stick 4k Ultra Hd Max 16gb Wi-fi 6e Negro,147890.0,https://articulo.mercadolibre.com.ar/MLA-1451230839-amazon-fire-tv-stick-4k-ultra-hd-max-16gb-wi-fi-6e-negro-_JM,209752538,new,1,
amazon fire tv,MLA2013301406,Amazon Lite Fire Tv Stick B091g4yp57 De Voz Full Hd 8gb,62657.0,https://articulo.mercadolibre.com.ar/MLA-2013301406-amazon-lite-fire-tv-stick-b091g4yp57-de-voz-full-hd-8gb-_JM,567813379,new,1,
amazon fire tv,MLA1376700509,Amazon Fire Tv Stick 4k 8gb  1.5gb Ram Streaming Control Voz,75999.0,https://articulo.mercadolibre.com.ar/MLA-1376700509-amazon-fire-tv-stick-4k-8gb-15gb-ram-streaming-control-voz-_JM,579983671,new,1,
amazon fire tv,MLA1476893929,Amazon Fire Tv Stick 4k Max Streaming Wifi 6,101172.0,https://articulo.mercadolibre.com.ar/MLA-1476893929-amazon-fire-tv-stick-4k-max-streaming-wifi-6-_JM,160852200,new,1,
amazon fire tv,MLA1476905113,Amazon Fire Tv Stick 4k 2023 Wifi 6 2gb De Ram Con Alexa co,69207.0,https://articulo.mercadolibre.com.ar/MLA-1476905113-amazon-fire-tv-stick-4k-2023-wifi-6-2gb-de-ram-con-alexaco-_JM,160852200,new,1,
amazon fire tv,MLA2013184174,Amazon Fire Tv Stick 4k Ultra Hd Max 16gb 2nda Generación,101152.0,https://articulo.mercadolibre.com.ar/MLA-2013184174-amazon-fire-tv-stick-4k-ultra-hd-max-16gb-2nda-generacion-_JM,821536236,new,1,
amazon fire tv,MLA1464753255,Amazon Fire Tv Stick 8gb Wifi 5 1080p Hdr Version 2024 Alexa,77768.99,https://articulo.mercadolibre.com.ar/MLA-1464753255-amazon-fire-tv-stick-8gb-wifi-5-1080p-hdr-version-2024-alexa-_JM,167338436,new,1,
amazon fire tv,MLA1473704297,Amazon Fire Tv Stick 8gb Wifi 5 1080p Hdr Version 2024,82313.99,https://articulo.mercadolibre.com.ar/MLA-1473704297-amazon-fire-tv-stick-8gb-wifi-5-1080p-hdr-version-2024-_JM,37761986,new,1,
amazon fire tv,MLA1918175152,Amazon Fire Tv Stick 4k Max Ultra Hd 16gb Streaming,101150.0,https://articulo.mercadolibre.com.ar/MLA-1918175152-amazon-fire-tv-stick-4k-max-ultra-hd-16gb-streaming-_JM,207527715,new,1,
amazon fire tv,MLA1974811330,Amazon Fire Tv Stick Hd 2024 Control Por Voz Fhd Streaming,78990.0,https://articulo.mercadolibre.com.ar/MLA-1974811330-amazon-fire-tv-stick-hd-2024-control-por-voz-fhd-streaming-_JM,1070313715,new,1,
amazon fire tv,MLA1369026587,Amazon Fire Tv Stick 4k De Voz 2ª Generación 4k 8gb Negro Con 1.5gb De Memoria Ram,99998.0,https://www.mercadolibre.com.ar/amazon-fire-tv-stick-4k-de-voz-2-generacion-4k-8gb-negro-con-15gb-de-memoria-ram/p/MLA22930162#wid=MLA1369026587&sid=unknown,247639927,new,1,
amazon fire tv,MLA2021020160,Amazon Fire Tv Stick 4k 2da Gen 2021 Color Negro,60000.0,https://articulo.mercadolibre.com.ar/MLA-2021020160-amazon-fire-tv-stick-4k-2da-gen-2021-color-negro-_JM,1553728513,new,1,
amazon fire tv,MLA1975421614,Amazon Fire Tv Stick 4k 2023 Wifi 6 2gb De Ram Con Alexa,104998.4,https://articulo.mercadolibre.com.ar/MLA-1975421614-amazon-fire-tv-stick-4k-2023-wifi-6-2gb-de-ram-con-alexa-_JM,209752538,new,1,
amazon fire tv,MLA1981319370,Amazon Fire Tv Stick 4k Ultra Hd Max 16gb Wi-fi 6e Negro,129990.0,https://articulo.mercadolibre.com.ar/MLA-1981319370-amazon-fire-tv-stick-4k-ultra-hd-max-16gb-wi-fi-6e-negro-_JM,209752538,new,1,
amazon fire tv,MLA1458709043,Amazon Fire Tv Stick 4k Max 16 Gb Wifi 6 Ultra Rápido 2023,116799.0,https://articulo.mercadolibre.com.ar/MLA-1458709043-amazon-fire-tv-stick-4k-max-16-gb-wifi-6-ultra-rapido-2023-_JM,701293922,new,1,
amazon fire tv,MLA1440239591,Fire Tv Stick Convertidor Amazon Smart Netflix Streaming Hd,139368.63,https://articulo.mercadolibre.com.ar/MLA-1440239591-fire-tv-stick-convertidor-amazon-smart-netflix-streaming-hd-_JM,360125356,new,1,
amazon fire tv,MLA1985584838,Amazon Fire Tv Stick Hd 2024 Streaming Fhd Cargador + Pilas,69999.0,https://articulo.mercadolibre.com.ar/MLA-1985584838-amazon-fire-tv-stick-hd-2024-streaming-fhd-cargador-pilas-_JM,1899272754,new,1,
amazon fire tv,MLA1451931929,Amazon Fire Tv Stick 4k Max Ultra Hd 16gb Streaming,101150.0,https://articulo.mercadolibre.com.ar/MLA-1451931929-amazon-fire-tv-stick-4k-max-ultra-hd-16gb-streaming-_JM,579983671,new,1,
amazon fire tv,MLA1449892899,Amazon Tv Stick Lite 2da Gen Streaming Full Hd,72882.0,https://articulo.mercadolibre.com.ar/MLA-1449892899-amazon-tv-stick-lite-2da-gen-streaming-full-hd-_JM,69987805,new,1,
amazon fire tv,MLA1995130936,Amazon Fire Tv Stick Hd 2024 Control De Voz 8gh Wifi 5 Nuevo,69400.0,https://articulo.mercadolibre.com.ar/MLA-1995130936-amazon-fire-tv-stick-hd-2024-control-de-voz-8gh-wifi-5-nuevo-_JM,139052045,new,1,
amazon fire tv,MLA1144078429,Amazon Fire Tv Stick 4k 8gb Negro Con 1.5gb De Memoria Ram,75999.0,https://articulo.mercadolibre.com.ar/MLA-1144078429-amazon-fire-tv-stick-4k-8gb-negro-con-15gb-de-memoria-ram-_JM,207527715,new,1,
amazon fire tv,MLA1813653858,Amazon Fire Tv 4k Max 16gb Hdr Control De Voz Con Alexa Negro,118389.0,https://www.mercadolibre.com.ar/amazon-fire-tv-4k-max-16gb-hdr-control-de-voz-con-alexa-negro/p/MLA36337292#wid=MLA1813653858&sid=unknown,1803908857,new,1,
amazon fire tv,MLA1916498408,Amazon Tv Stick Lite 3ra Gen Streaming Full Hd,77427.0,https://articulo.mercadolibre.com.ar/MLA-1916498408-amazon-tv-stick-lite-3ra-gen-streaming-full-hd-_JM,264934748,new,500,
amazon fire tv,MLA2017481294,"Control Remoto De Voz Fire Tv Stick Lite De Segunda Generación, Alexa Amazon Bivolt, Color Negro, Tipo Control Remoto",59566.0,https://www.mercadolibre.com.ar/control-remoto-de-voz-fire-tv-stick-lite-de-segunda-generacion-alexa-amazon-bivolt-color-negro-tipo-control-remoto/p/MLA36100882#wid=MLA2017481294&sid=unknown,213074722,new,1,
amazon fire tv,MLA1144084762,Amazon Fire Tv Stick 4k 8gb Negro Con 1.5gb De Memoria Ram,75999.0,https://articulo.mercadolibre.com.ar/MLA-1144084762-amazon-fire-tv-stick-4k-8gb-negro-con-15gb-de-memoria-ram-_JM,52270943,new,1,
amazon fire tv,MLA1449892657,Amazon Tv Stick Lite 2da Gen Streaming Full Hd,72882.0,https://articulo.mercadolibre.com.ar/MLA-1449892657-amazon-tv-stick-lite-2da-gen-streaming-full-hd-_JM,264934748,new,1,
amazon fire tv,MLA1835355834,Amazon Fire Tv Stick 4k Max Ultra Hd Hdr Version 2023 Wifi 6,119717.19,https://articulo.mercadolibre.com.ar/MLA-1835355834-amazon-fire-tv-stick-4k-max-ultra-hd-hdr-version-2023-wifi-6-_JM,167338436,new,1,
amazon fire tv,MLA1473196225,Amazon Fire Tv Stick 3 Generación,64322.32,https://www.mercadolibre.com.ar/amazon-fire-tv-stick-3-generacion/p/MLA21148035#wid=MLA1473196225&sid=unknown,133310777,new,1,
amazon fire tv,MLA1547901852,Amazon Fire Tv Stick Control De Voz 3er Generación 8gb,89990.0,https://articulo.mercadolibre.com.ar/MLA-1547901852-amazon-fire-tv-stick-control-de-voz-3er-generacion-8gb-_JM,126835229,new,1,
amazon fire tv,MLA1440621335,Amazon Fire Tv Stick 4k Ultra Hd Hdr Wifi 6 Version 2023,99191.09,https://articulo.mercadolibre.com.ar/MLA-1440621335-amazon-fire-tv-stick-4k-ultra-hd-hdr-wifi-6-version-2023-_JM,167338436,new,1,
amazon fire tv,MLA1449766059,Amazon Fire Tv Stick Lite Control Por Voz Alexa Fhd 1080p,106499.0,https://articulo.mercadolibre.com.ar/MLA-1449766059-amazon-fire-tv-stick-lite-control-por-voz-alexa-fhd-1080p-_JM,310646112,new,1,
amazon fire tv,MLA1976434684,"Amazon Fire Tv Stick Lite Full Hd 2 Gen De 8 Gb Con 1 Gb De Ram, Color Negro",69999.0,https://www.mercadolibre.com.ar/amazon-fire-tv-stick-lite-full-hd-2-gen-de-8-gb-con-1-gb-de-ram-color-negro/p/MLA26953039#wid=MLA1976434684&sid=unknown,114179423,new,1,
amazon fire tv,MLA1908499690,Amazon Tv Stick Lite 2da Gen Streaming Full Hd,72882.0,https://articulo.mercadolibre.com.ar/MLA-1908499690-amazon-tv-stick-lite-2da-gen-streaming-full-hd-_JM,198175440,new,1,
amazon fire tv,MLA1716970254,Amazon Fire Tv Stick 4k Max 2° Gen - 16 Gb - Wi-fi 6e Alexa,130000.0,https://articulo.mercadolibre.com.ar/MLA-1716970254-amazon-fire-tv-stick-4k-max-2-gen-16-gb-wi-fi-6e-alexa-_JM,4973807,new,1,
amazon fire tv,MLA1458709339,Amazon Fire Tv Stick 4k Ultra Hd Max 16gb 2 Gen Wi-fi 6e,124998.0,https://articulo.mercadolibre.com.ar/MLA-1458709339-amazon-fire-tv-stick-4k-ultra-hd-max-16gb-2-gen-wi-fi-6e-_JM,701293922,new,1,
amazon fire tv,MLA1869562272,Amazon Fire Tv Stick 4k Ultra Hd Hdr Wifi 6 Version 2023,84636.99,https://articulo.mercadolibre.com.ar/MLA-1869562272-amazon-fire-tv-stick-4k-ultra-hd-hdr-wifi-6-version-2023-_JM,167338436,new,1,
amazon fire tv,MLA1440979427,"Amazon Fire Tv Stick 3 Generación, Hd, Streaming (nuevo)",70000.0,https://articulo.mercadolibre.com.ar/MLA-1440979427-amazon-fire-tv-stick-3-generacion-hd-streaming-nuevo-_JM,23039265,new,1,
amazon fire tv,MLA1993855098,Fire Tv Stick 4k Con Controles De Alexa Y Amazon Black Tv,78699.0,https://www.mercadolibre.com.ar/fire-tv-stick-4k-con-controles-de-alexa-y-amazon-black-tv/p/MLA30972304#wid=MLA1993855098&sid=unknown,210559236,new,1,
amazon fire tv,MLA1961769444,Amazon Fire Tv Stick Lite 2da Generación,90000.0,https://articulo.mercadolibre.com.ar/MLA-1961769444-amazon-fire-tv-stick-lite-2da-generacion-_JM,172801018,new,1,
amazon fire tv,MLA1469093151,Amazon Fire Tv Stick 4k 2023 Wifi 6 2gb Ram Con Alexa Negro,89999.0,https://articulo.mercadolibre.com.ar/MLA-1469093151-amazon-fire-tv-stick-4k-2023-wifi-6-2gb-ram-con-alexa-negro-_JM,32331880,new,100,
amazon fire tv,MLA1458696941,Amazon Fire Tv Stick 4k Max 16gb 2a Gen Con Wi-fi 6,142999.0,https://articulo.mercadolibre.com.ar/MLA-1458696941-amazon-fire-tv-stick-4k-max-16gb-2a-gen-con-wi-fi-6-_JM,701293922,new,1,
amazon fire tv,MLA1463027367,Tv Stick Amazon Precio Unicoooooo,65500.0,https://articulo.mercadolibre.com.ar/MLA-1463027367-tv-stick-amazon-precio-unicoooooo-_JM,26232735,new,1,
amazon fire tv,MLA2024467516,"Amazon Fire Tv Stick Hd, Tercera Generación Hd",53500.0,https://articulo.mercadolibre.com.ar/MLA-2024467516-amazon-fire-tv-stick-hd-tercera-generacion-hd-_JM,814704220,used,1,
amazon fire tv,MLA1166920743,Amazon Fire Tv Stick De Voz 3.ª Gen Full Hd 8gb Negro 1gb ,93990.0,https://articulo.mercadolibre.com.ar/MLA-1166920743-amazon-fire-tv-stick-de-voz-3-gen-full-hd-8gb-negro-1gb-_JM,119671699,new,1,
amazon fire tv,MLA1275869904,Amazon Fire Tv Stick Lite De Voz Full Hd 8gb + Fuente 220v!,72490.0,https://articulo.mercadolibre.com.ar/MLA-1275869904-amazon-fire-tv-stick-lite-de-voz-full-hd-8gb-fuente-220v-_JM,119671699,new,1,
amazon fire tv,MLA874503353,Amazon Fire Tv Stick 4k De Voz 4k 8gb Negro Con Memoria Ram,102409.0,https://articulo.mercadolibre.com.ar/MLA-874503353-amazon-fire-tv-stick-4k-de-voz-4k-8gb-negro-con-memoria-ram-_JM,96270679,new,150,
amazon fire tv,MLA2008295914,Amazon Control Por Voz 2da Generacion Fire Tv Stick Alexa,106000.0,https://articulo.mercadolibre.com.ar/MLA-2008295914-amazon-control-por-voz-2da-generacion-fire-tv-stick-alexa-_JM,1943695898,new,1,
amazon fire tv,MLA2018256660,Amazon Fire Tv Cube 3ra Gen 2022 Alexa Wi-fi 6e 4k Ultra Hd Color Negro,389999.0,https://www.mercadolibre.com.ar/amazon-fire-tv-cube-3ra-gen-2022-alexa-wi-fi-6e-4k-ultra-hd-color-negro/p/MLA25546463#wid=MLA2018256660&sid=unknown,178070995,new,1,
amazon fire tv,MLA1956472234,Amazon Lite Fire Tv Stick B091g4yp57 De Voz Full Hd 8gb Negr,113500.0,https://articulo.mercadolibre.com.ar/MLA-1956472234-amazon-lite-fire-tv-stick-b091g4yp57-de-voz-full-hd-8gb-negr-_JM,1848459588,new,1,
amazon fire tv,MLA1997729844,Amazon Fire Tv Stick Lite Full Hd 2°generacion,84999.0,https://articulo.mercadolibre.com.ar/MLA-1997729844-amazon-fire-tv-stick-lite-full-hd-2generacion-_JM,1943695898,new,1,
amazon fire tv,MLA1461923517,Amazon Fire Tv Stick Lite Control De Voz Full Hd 8gb 1gb Ram,132309.0,https://articulo.mercadolibre.com.ar/MLA-1461923517-amazon-fire-tv-stick-lite-control-de-voz-full-hd-8gb-1gb-ram-_JM,97106107,new,150,
amazon fire tv,MLA1137570623,Amazon Fire Tv Stick Lite De Voz Full Hd 8gb + Cargador 220v,95996.0,https://articulo.mercadolibre.com.ar/MLA-1137570623-amazon-fire-tv-stick-lite-de-voz-full-hd-8gb-cargador-220v-_JM,247639927,new,1,
amazon fire tv,MLA1976408634,Fire Tv Stick Lite Amazon 2da Gen Full Hd Alexa Streaming,84690.0,https://articulo.mercadolibre.com.ar/MLA-1976408634-fire-tv-stick-lite-amazon-2da-gen-full-hd-alexa-streaming-_JM,114179423,new,1,
amazon fire tv,MLA1901997240,Amazon Fire Tv Stick De Voz 3gen Full Hd 8gb Negro,104464.0,https://articulo.mercadolibre.com.ar/MLA-1901997240-amazon-fire-tv-stick-de-voz-3gen-full-hd-8gb-negro-_JM,148027380,new,1,
amazon fire tv,MLA1473071319,Amazon Fire Tv 3.a Generación Con Alexa Full Hd 8gb,79049.07,https://articulo.mercadolibre.com.ar/MLA-1473071319-amazon-fire-tv-3a-generacion-con-alexa-full-hd-8gb-_JM,1943695898,new,1,
amazon fire tv,MLA1149652512,Amazon Fire Tv Stick 4k Con Alexa Netflix Youtube Disney,104000.0,https://articulo.mercadolibre.com.ar/MLA-1149652512-amazon-fire-tv-stick-4k-con-alexa-netflix-youtube-disney-_JM,199785787,new,1,
amazon fire tv,MLA1452022653,Amazon Fire Tv Stick 4k Max Ultra Hd 16gb Streaming Original,101150.0,https://articulo.mercadolibre.com.ar/MLA-1452022653-amazon-fire-tv-stick-4k-max-ultra-hd-16gb-streaming-original-_JM,541665065,new,1,
amazon fire tv,MLA1976396000,Fire Tv Stick Lite Amazon 2da Gen Full Hd Alexa Streaming,132990.0,https://articulo.mercadolibre.com.ar/MLA-1976396000-fire-tv-stick-lite-amazon-2da-gen-full-hd-alexa-streaming-_JM,114179423,new,1,
amazon fire tv,MLA1908536738,Amazon Fire Tv Stick Lite Control Por Voz Alexa Fhd 1080p,106499.0,https://articulo.mercadolibre.com.ar/MLA-1908536738-amazon-fire-tv-stick-lite-control-por-voz-alexa-fhd-1080p-_JM,176546321,new,1,
amazon fire tv,MLA1976408754,Fire Tv Stick Lite Amazon 2da Gen Full Hd Alexa Streaming,115990.0,https://articulo.mercadolibre.com.ar/MLA-1976408754-fire-tv-stick-lite-amazon-2da-gen-full-hd-alexa-streaming-_JM,114179423,new,1,
amazon fire tv,MLA1916498696,Amazon Tv Stick Lite 3ra Gen Streaming Full Hd,77427.0,https://articulo.mercadolibre.com.ar/MLA-1916498696-amazon-tv-stick-lite-3ra-gen-streaming-full-hd-_JM,69987805,new,500,
amazon fire tv,MLA1476223643,Amazon Fire Tv Stick 10k 2da  Generacion,85000.0,https://articulo.mercadolibre.com.ar/MLA-1476223643-amazon-fire-tv-stick-10k-2da-generacion-_JM,65697898,new,1,
amazon fire tv,MLA1459242009,Amazon Lite Fire Tv Stick B091g4yp57 Fhd Control Remoto D1,81099.0,https://articulo.mercadolibre.com.ar/MLA-1459242009-amazon-lite-fire-tv-stick-b091g4yp57-fhd-control-remoto-d1-_JM,69541508,new,1,
amazon fire tv,MLA1415832327,Fire Tv Stick 4k (2023) Wi-fi 6 2gb De Ram Alexa Color Negro,85019.0,https://articulo.mercadolibre.com.ar/MLA-1415832327-fire-tv-stick-4k-2023-wi-fi-6-2gb-de-ram-alexa-color-negro-_JM,451257294,new,1,
amazon fire tv,MLA1322670460,Amazon Fire Tv Stick Lite,130149.0,https://articulo.mercadolibre.com.ar/MLA-1322670460-amazon-fire-tv-stick-lite-_JM,139305690,new,1,
amazon fire tv,MLA1918225038,Amazon Fire Tv Stick 4k Max Ultra Hd 16gb Streaming,101150.0,https://articulo.mercadolibre.com.ar/MLA-1918225038-amazon-fire-tv-stick-4k-max-ultra-hd-16gb-streaming-_JM,52270943,new,1,
amazon fire tv,MLA1908759790,Fire Tv Stick Amazon 2da Generación Voz Alexa-negro Color Negro,87999.0,https://www.mercadolibre.com.ar/fire-tv-stick-amazon-2da-generacion-voz-alexa-negro-color-negro/p/MLA27767824#wid=MLA1908759790&sid=unknown,176546321,new,1,
amazon fire tv,MLA1445191887,Amazon Fire Tv Stick De Voz 3gen Full Hd 8gb Negro Con 1gb D,95727.0,https://articulo.mercadolibre.com.ar/MLA-1445191887-amazon-fire-tv-stick-de-voz-3gen-full-hd-8gb-negro-con-1gb-d-_JM,119671699,new,1,
amazon fire tv,MLA1463640949,Amazon Fire Tv Stick 4k De Voz 2a Gen 4k 8gb1.5gb Ram,108246.93,https://articulo.mercadolibre.com.ar/MLA-1463640949-amazon-fire-tv-stick-4k-de-voz-2a-gen-4k-8gb15gb-ram-_JM,1324457594,new,1,
